{"nm":"Comp 1","ddd":0,"h":100,"w":100,"meta":{"g":"LottieFiles AE 0.1.20"},"layers":[{"ty":4,"nm":"logout 2","sr":1,"st":0,"op":41,"ip":0,"hd":false,"ddd":0,"bm":0,"hasMask":false,"ao":0,"ks":{"a":{"a":0,"k":[0,0,0],"ix":1},"s":{"a":0,"k":[100,100,100],"ix":6},"sk":{"a":0,"k":0},"p":{"a":1,"k":[{"o":{"x":0.333,"y":0},"i":{"x":0.667,"y":1},"s":[59,50,0],"t":0,"ti":[0,0,0],"to":[1.104,0,0]},{"o":{"x":0.333,"y":0},"i":{"x":0.667,"y":1},"s":[65.625,50,0],"t":15,"ti":[1.104,0,0],"to":[0,0,0]},{"s":[59,50,0],"t":30}],"ix":2},"r":{"a":0,"k":0,"ix":10},"sa":{"a":0,"k":0},"o":{"a":0,"k":100,"ix":11}},"ef":[],"shapes":[{"ty":"gr","bm":0,"hd":false,"mn":"ADBE Vector Group","nm":"logout","ix":1,"cix":2,"np":2,"it":[{"ty":"sh","bm":0,"hd":false,"mn":"ADBE Vector Shape - Group","nm":"Path 1","ix":1,"d":1,"ks":{"a":0,"k":{"c":true,"i":[[0,0],[0.391,-0.391],[-0.391,-0.391],[0,0],[0,0],[0,-0.552],[-0.552,0],[0,0],[0,0],[-0.391,-0.391],[-0.391,0.391],[0,0],[0.391,0.391]],"o":[[-0.391,-0.391],[-0.391,0.391],[0,0],[0,0],[-0.552,0],[0,0.552],[0,0],[0,0],[-0.391,0.391],[0.391,0.391],[0,0],[0.391,-0.391],[0,0]],"v":[[1.707,-5.707],[0.293,-5.707],[0.293,-4.293],[3.586,-1],[-6,-1],[-7,0],[-6,1],[3.586,1],[0.293,4.293],[0.293,5.707],[1.707,5.707],[6.707,0.707],[6.707,-0.707]]},"ix":2}},{"ty":"fl","bm":0,"hd":false,"mn":"ADBE Vector Graphic - Fill","nm":"Fill 1","c":{"a":0,"k":[0,0.8196,0.1529],"ix":4},"r":1,"o":{"a":0,"k":100,"ix":5}},{"ty":"tr","a":{"a":0,"k":[0,0],"ix":1},"s":{"a":0,"k":[300,300],"ix":3},"sk":{"a":0,"k":0,"ix":4},"p":{"a":0,"k":[0,0],"ix":2},"r":{"a":0,"k":0,"ix":6},"sa":{"a":0,"k":0,"ix":5},"o":{"a":0,"k":100,"ix":7}}]}],"ind":1},{"ty":4,"nm":"logout","sr":1,"st":0,"op":41,"ip":0,"hd":false,"ddd":0,"bm":0,"hasMask":false,"ao":0,"ks":{"a":{"a":0,"k":[0,0,0],"ix":1},"s":{"a":0,"k":[100,100,100],"ix":6},"sk":{"a":0,"k":0},"p":{"a":0,"k":[32,50,0],"ix":2},"r":{"a":0,"k":0,"ix":10},"sa":{"a":0,"k":0},"o":{"a":0,"k":100,"ix":11}},"ef":[],"shapes":[{"ty":"gr","bm":0,"hd":false,"mn":"ADBE Vector Group","nm":"logout","ix":1,"cix":2,"np":2,"it":[{"ty":"sh","bm":0,"hd":false,"mn":"ADBE Vector Shape - Group","nm":"Path 1","ix":1,"d":1,"ks":{"a":0,"k":{"c":true,"i":[[0,0],[0.188,-0.188],[0,-0.265],[0,0],[-0.188,-0.188],[-0.265,0],[0,0],[0,-0.552],[0.552,0],[0,0],[0.563,0.563],[0,0.796],[0,0],[-0.563,0.563],[-0.796,0],[0,0],[0,-0.552],[0.552,0]],"o":[[-0.265,0],[-0.188,0.188],[0,0],[0,0.265],[0.188,0.188],[0,0],[0.552,0],[0,0.552],[0,0],[-0.796,0],[-0.563,-0.563],[0,0],[0,-0.796],[0.563,-0.563],[0,0],[0.552,0],[0,0.552],[0,0]],"v":[[-1,-8],[-1.707,-7.707],[-2,-7],[-2,7],[-1.707,7.707],[-1,8],[3,8],[4,9],[3,10],[-1,10],[-3.121,9.121],[-4,7],[-4,-7],[-3.121,-9.121],[-1,-10],[3,-10],[4,-9],[3,-8]]},"ix":2}},{"ty":"fl","bm":0,"hd":false,"mn":"ADBE Vector Graphic - Fill","nm":"Fill 1","c":{"a":0,"k":[0,0.8196,0.1529],"ix":4},"r":1,"o":{"a":0,"k":100,"ix":5}},{"ty":"tr","a":{"a":0,"k":[0,0],"ix":1},"s":{"a":0,"k":[300,300],"ix":3},"sk":{"a":0,"k":0,"ix":4},"p":{"a":0,"k":[0,0],"ix":2},"r":{"a":0,"k":0,"ix":6},"sa":{"a":0,"k":0,"ix":5},"o":{"a":0,"k":100,"ix":7}}]}],"ind":2}],"v":"5.5.7","fr":30,"op":41,"ip":0,"assets":[]}