{"nm":"删除","ddd":0,"h":512,"w":512,"meta":{"g":"@lottiefiles/toolkit-js 0.26.1"},"layers":[{"ty":3,"nm":"空 2","sr":1,"st":0,"op":80,"ip":0,"hd":false,"ddd":0,"bm":0,"hasMask":false,"ao":0,"ks":{"a":{"a":0,"k":[0,0,0],"ix":1},"s":{"a":0,"k":[100,100,100],"ix":6},"sk":{"a":0,"k":0},"p":{"a":0,"k":[256,256,0],"ix":2},"r":{"a":1,"k":[{"o":{"x":0.333,"y":0},"i":{"x":0.667,"y":1},"s":[0],"t":45},{"o":{"x":0.333,"y":0},"i":{"x":0.667,"y":1},"s":[10],"t":51},{"o":{"x":0.333,"y":0},"i":{"x":0.667,"y":1},"s":[-10],"t":60},{"o":{"x":0.333,"y":0},"i":{"x":0.833,"y":1},"s":[0],"t":65},{"s":[0],"t":79}],"ix":10},"sa":{"a":0,"k":0},"o":{"a":0,"k":0,"ix":11}},"ef":[],"ind":1},{"ty":4,"nm":"图层 7","sr":1,"st":0,"op":80,"ip":0,"hd":false,"ddd":0,"bm":0,"hasMask":false,"ao":0,"ks":{"a":{"a":0,"k":[0,0,0],"ix":1},"s":{"a":0,"k":[100,100,100],"ix":6},"sk":{"a":0,"k":0},"p":{"a":0,"k":[-1.908,-0.637,0],"ix":2},"r":{"a":0,"k":0,"ix":10},"sa":{"a":0,"k":0},"o":{"a":0,"k":100,"ix":11}},"ef":[],"shapes":[{"ty":"gr","bm":0,"hd":false,"mn":"ADBE Vector Group","nm":"组 1","ix":1,"cix":2,"np":2,"it":[{"ty":"sh","bm":0,"hd":false,"mn":"ADBE Vector Shape - Group","nm":"路径 1","ix":1,"d":1,"ks":{"a":1,"k":[{"o":{"x":0.333,"y":0},"i":{"x":0.667,"y":1},"s":[{"c":true,"i":[[0,0],[-0.309,0.001],[0.001,0.351],[0,0],[0,0],[0.309,-0.001],[-0.001,-0.351],[0,0],[0,0]],"o":[[0.055,0.304],[0.351,-0.001],[0,0],[0,0],[-0.055,-0.304],[-0.351,0.001],[0,0],[0,0],[0,0]],"v":[[-0.626,3.294],[0.002,3.818],[0.637,3.18],[0.637,-3.18],[0.626,-3.294],[-0.002,-3.818],[-0.637,-3.18],[-0.637,3.181],[-0.626,3.295]]}],"t":10},{"o":{"x":0.333,"y":0},"i":{"x":0.667,"y":1},"s":[{"c":true,"i":[[0,0],[-0.309,0.001],[0.001,0.351],[0,0],[0,0],[0.309,-0.001],[-0.001,-0.351],[0,0],[0,0]],"o":[[0.055,0.304],[0.351,-0.001],[0,0],[0,0],[-0.055,-0.304],[-0.351,0.001],[0,0],[0,0],[0,0]],"v":[[-0.628,-2.321],[-0.001,-1.797],[0.634,-2.435],[0.637,-3.18],[0.626,-3.294],[-0.002,-3.818],[-0.637,-3.18],[-0.639,-2.434],[-0.628,-2.32]]}],"t":16},{"o":{"x":0.333,"y":0},"i":{"x":0.667,"y":1},"s":[{"c":true,"i":[[0,0],[-0.309,0.001],[0.001,0.351],[0,0],[0,0],[0.309,-0.001],[-0.001,-0.351],[0,0],[0,0]],"o":[[0.055,0.304],[0.351,-0.001],[0,0],[0,0],[-0.055,-0.304],[-0.351,0.001],[0,0],[0,0],[0,0]],"v":[[-0.625,3.239],[0.003,3.762],[0.638,3.125],[0.64,2.38],[0.629,2.266],[0.002,1.742],[-0.633,2.38],[-0.635,3.126],[-0.625,3.24]]}],"t":26},{"o":{"x":0.333,"y":0},"i":{"x":0.833,"y":0.833},"s":[{"c":true,"i":[[0,0],[-0.309,0.001],[0.001,0.351],[0,0],[0,0],[0.309,-0.001],[-0.001,-0.351],[0,0],[0,0]],"o":[[0.055,0.304],[0.351,-0.001],[0,0],[0,0],[-0.055,-0.304],[-0.351,0.001],[0,0],[0,0],[0,0]],"v":[[-0.626,3.294],[0.002,3.818],[0.637,3.18],[0.637,-3.18],[0.626,-3.294],[-0.002,-3.818],[-0.637,-3.18],[-0.637,3.181],[-0.626,3.295]]}],"t":31},{"s":[{"c":true,"i":[[0,0],[-0.309,0.001],[0.001,0.351],[0,0],[0,0],[0.309,-0.001],[-0.001,-0.351],[0,0],[0,0]],"o":[[0.055,0.304],[0.351,-0.001],[0,0],[0,0],[-0.055,-0.304],[-0.351,0.001],[0,0],[0,0],[0,0]],"v":[[-0.626,3.294],[0.002,3.818],[0.637,3.18],[0.637,-3.18],[0.626,-3.294],[-0.002,-3.818],[-0.637,-3.18],[-0.637,3.181],[-0.626,3.295]]}],"t":79}],"ix":2}},{"ty":"fl","bm":0,"hd":false,"mn":"ADBE Vector Graphic - Fill","nm":"填充 1","c":{"a":0,"k":[0,0.8196,0.1529],"ix":4},"r":1,"o":{"a":0,"k":100,"ix":5}},{"ty":"tr","a":{"a":0,"k":[0,0],"ix":1},"s":{"a":0,"k":[100,100],"ix":3},"sk":{"a":0,"k":0,"ix":4},"p":{"a":0,"k":[0,0],"ix":2},"r":{"a":0,"k":0,"ix":6},"sa":{"a":0,"k":0,"ix":5},"o":{"a":0,"k":100,"ix":7}}]}],"ind":2,"parent":4},{"ty":4,"nm":"图层 6","sr":1,"st":5,"op":85,"ip":-13,"hd":false,"ddd":0,"bm":0,"hasMask":false,"ao":0,"ks":{"a":{"a":0,"k":[0,0,0],"ix":1},"s":{"a":0,"k":[100,100,100],"ix":6},"sk":{"a":0,"k":0},"p":{"a":0,"k":[1.866,-0.637,0],"ix":2},"r":{"a":0,"k":0,"ix":10},"sa":{"a":0,"k":0},"o":{"a":0,"k":100,"ix":11}},"ef":[],"shapes":[{"ty":"gr","bm":0,"hd":false,"mn":"ADBE Vector Group","nm":"组 1","ix":1,"cix":2,"np":2,"it":[{"ty":"sh","bm":0,"hd":false,"mn":"ADBE Vector Shape - Group","nm":"路径 1","ix":1,"d":1,"ks":{"a":1,"k":[{"o":{"x":0.333,"y":0},"i":{"x":0.667,"y":1},"s":[{"c":true,"i":[[0,0],[-0.309,0.001],[0.001,0.351],[0,0],[0,0],[0.309,-0.001],[-0.001,-0.351],[0,0],[0,0]],"o":[[0.055,0.304],[0.351,-0.001],[0,0],[0,0],[-0.055,-0.304],[-0.351,0.001],[0,0],[0,0],[0,0]],"v":[[-0.626,3.294],[0.002,3.818],[0.637,3.18],[0.637,-3.18],[0.626,-3.294],[-0.002,-3.818],[-0.637,-3.18],[-0.637,3.181],[-0.626,3.295]]}],"t":15},{"o":{"x":0.333,"y":0},"i":{"x":0.667,"y":1},"s":[{"c":true,"i":[[0,0],[-0.309,0.001],[0.001,0.351],[0,0],[0,0],[0.309,-0.001],[-0.001,-0.351],[0,0],[0,0]],"o":[[0.055,0.304],[0.351,-0.001],[0,0],[0,0],[-0.055,-0.304],[-0.351,0.001],[0,0],[0,0],[0,0]],"v":[[-0.628,-2.321],[-0.001,-1.797],[0.634,-2.435],[0.637,-3.18],[0.626,-3.294],[-0.002,-3.818],[-0.637,-3.18],[-0.639,-2.434],[-0.628,-2.32]]}],"t":21},{"o":{"x":0.333,"y":0},"i":{"x":0.667,"y":1},"s":[{"c":true,"i":[[0,0],[-0.309,0.001],[0.001,0.351],[0,0],[0,0],[0.309,-0.001],[-0.001,-0.351],[0,0],[0,0]],"o":[[0.055,0.304],[0.351,-0.001],[0,0],[0,0],[-0.055,-0.304],[-0.351,0.001],[0,0],[0,0],[0,0]],"v":[[-0.625,3.239],[0.003,3.762],[0.638,3.125],[0.64,2.38],[0.629,2.266],[0.002,1.742],[-0.633,2.38],[-0.635,3.126],[-0.625,3.24]]}],"t":31},{"o":{"x":0.333,"y":0},"i":{"x":0.833,"y":0.833},"s":[{"c":true,"i":[[0,0],[-0.309,0.001],[0.001,0.351],[0,0],[0,0],[0.309,-0.001],[-0.001,-0.351],[0,0],[0,0]],"o":[[0.055,0.304],[0.351,-0.001],[0,0],[0,0],[-0.055,-0.304],[-0.351,0.001],[0,0],[0,0],[0,0]],"v":[[-0.626,3.294],[0.002,3.818],[0.637,3.18],[0.637,-3.18],[0.626,-3.294],[-0.002,-3.818],[-0.637,-3.18],[-0.637,3.181],[-0.626,3.295]]}],"t":36},{"s":[{"c":true,"i":[[0,0],[-0.309,0.001],[0.001,0.351],[0,0],[0,0],[0.309,-0.001],[-0.001,-0.351],[0,0],[0,0]],"o":[[0.055,0.304],[0.351,-0.001],[0,0],[0,0],[-0.055,-0.304],[-0.351,0.001],[0,0],[0,0],[0,0]],"v":[[-0.626,3.294],[0.002,3.818],[0.637,3.18],[0.637,-3.18],[0.626,-3.294],[-0.002,-3.818],[-0.637,-3.18],[-0.637,3.181],[-0.626,3.295]]}],"t":79}],"ix":2}},{"ty":"fl","bm":0,"hd":false,"mn":"ADBE Vector Graphic - Fill","nm":"填充 1","c":{"a":0,"k":[0,0.8196,0.1529],"ix":4},"r":1,"o":{"a":0,"k":100,"ix":5}},{"ty":"tr","a":{"a":0,"k":[0,0],"ix":1},"s":{"a":0,"k":[100,100],"ix":3},"sk":{"a":0,"k":0,"ix":4},"p":{"a":0,"k":[0,0],"ix":2},"r":{"a":0,"k":0,"ix":6},"sa":{"a":0,"k":0,"ix":5},"o":{"a":0,"k":100,"ix":7}}]}],"ind":3,"parent":4},{"ty":4,"nm":"图层 4","sr":1,"st":0,"op":80,"ip":0,"hd":false,"ddd":0,"bm":0,"hasMask":false,"ao":0,"ks":{"a":{"a":0,"k":[5.357,-6.609,0],"ix":1},"s":{"a":0,"k":[2716,2716,100],"ix":6},"sk":{"a":0,"k":0},"p":{"a":0,"k":[145.486,-127.679,0],"ix":2},"r":{"a":0,"k":0,"ix":10},"sa":{"a":0,"k":0},"o":{"a":0,"k":100,"ix":11}},"ef":[],"shapes":[{"ty":"gr","bm":0,"hd":false,"mn":"ADBE Vector Group","nm":"组 1","ix":1,"cix":2,"np":2,"it":[{"ty":"sh","bm":0,"hd":false,"mn":"ADBE Vector Shape - Group","nm":"路径 1","ix":1,"d":1,"ks":{"a":0,"k":{"c":true,"i":[[0,0],[0,0],[0.307,0],[0,0],[0,0],[0,0.307],[0,0],[0.58,0],[0,0],[0,0],[0,0],[-0.983,0],[0,0],[0,0],[0,0.981],[0,0],[0.582,0],[0,0]],"o":[[0,0],[-0.056,0.302],[0,0],[0,0],[-0.302,-0.055],[0,0],[0,0],[-0.58,0],[0,0],[0,0],[0.095,0.978],[0,0],[0,0],[0.976,-0.097],[0,0],[0,0],[-0.582,0],[0,0]],"v":[[4.453,4.454],[4.443,4.567],[3.817,5.089],[-3.815,5.089],[-3.93,5.079],[-4.451,4.452],[-4.446,-6.361],[-5.104,-6.878],[-5.724,-6.361],[-5.724,4.452],[-5.715,4.637],[-3.815,6.361],[3.82,6.361],[4.005,6.352],[5.724,4.452],[5.724,-6.359],[5.079,-6.877],[4.453,-6.361]]},"ix":2}},{"ty":"fl","bm":0,"hd":false,"mn":"ADBE Vector Graphic - Fill","nm":"填充 1","c":{"a":0,"k":[0,0.8196,0.1529],"ix":4},"r":1,"o":{"a":0,"k":100,"ix":5}},{"ty":"tr","a":{"a":0,"k":[0,0],"ix":1},"s":{"a":0,"k":[100,100],"ix":3},"sk":{"a":0,"k":0,"ix":4},"p":{"a":0,"k":[0,0],"ix":2},"r":{"a":0,"k":0,"ix":6},"sa":{"a":0,"k":0,"ix":5},"o":{"a":0,"k":100,"ix":7}}]}],"ind":4,"parent":1},{"ty":4,"nm":"图层 3","sr":1,"st":0,"op":80,"ip":0,"hd":false,"ddd":0,"bm":0,"hasMask":false,"ao":0,"ks":{"a":{"a":0,"k":[5.615,-4.805,0],"ix":1},"s":{"a":0,"k":[2716,2716,100],"ix":6},"sk":{"a":0,"k":0},"p":{"a":0,"k":[152.5,-130.5,0],"ix":2},"r":{"a":1,"k":[{"o":{"x":0.333,"y":0},"i":{"x":0.667,"y":1},"s":[0],"t":0},{"o":{"x":0.333,"y":0},"i":{"x":0.667,"y":1},"s":[8],"t":6},{"o":{"x":0.333,"y":0},"i":{"x":0.667,"y":1},"s":[8],"t":40},{"o":{"x":0.333,"y":0},"i":{"x":0.833,"y":1},"s":[0],"t":45},{"s":[0],"t":79}],"ix":10},"sa":{"a":0,"k":0},"o":{"a":0,"k":100,"ix":11}},"ef":[],"shapes":[{"ty":"gr","bm":0,"hd":false,"mn":"ADBE Vector Group","nm":"组 1","ix":1,"cix":2,"np":3,"it":[{"ty":"sh","bm":0,"hd":false,"mn":"ADBE Vector Shape - Group","nm":"路径 1","ix":1,"d":1,"ks":{"a":0,"k":{"c":true,"i":[[0,0],[0,0],[0,0],[0,0]],"o":[[0,0],[0,0],[0,0],[0,0]],"v":[[1.904,-5.724],[-1.908,-5.724],[-1.908,-6.997],[1.904,-6.997]]},"ix":2}},{"ty":"sh","bm":0,"hd":false,"mn":"ADBE Vector Shape - Group","nm":"路径 2","ix":2,"d":1,"ks":{"a":0,"k":{"c":true,"i":[[0.351,-0.001],[0,0],[0,0],[0.563,0.082],[0,0],[0,0],[0.063,-0.565],[0,0],[0,0],[0,0],[0,0],[-0.001,-0.309],[-0.351,0.001],[0,0],[0,0],[0,0],[0,0],[0,0],[0,0],[0.001,0.309]],"o":[[0,0],[0,0],[0.006,-0.569],[0,0],[0,0],[-0.568,0.006],[0,0],[0,0],[0,0],[0,0],[-0.304,0.054],[0.001,0.351],[0,0],[0,0],[0,0],[0,0],[0,0],[0,0],[0.304,-0.055],[-0.001,-0.351]],"v":[[6.356,-5.724],[3.176,-5.724],[3.176,-7.124],[2.204,-8.26],[2.067,-8.268],[-2.067,-8.268],[-3.172,-7.268],[-3.18,-7.125],[-3.18,-5.724],[-6.36,-5.724],[-6.474,-5.714],[-6.998,-5.087],[-6.36,-4.453],[-5.725,-4.453],[-4.447,-4.453],[4.453,-4.453],[5.724,-4.451],[6.356,-4.451],[6.47,-4.461],[6.994,-5.089]]},"ix":2}},{"ty":"fl","bm":0,"hd":false,"mn":"ADBE Vector Graphic - Fill","nm":"填充 1","c":{"a":0,"k":[0,0.8196,0.1529],"ix":4},"r":1,"o":{"a":0,"k":100,"ix":5}},{"ty":"tr","a":{"a":0,"k":[0,0],"ix":1},"s":{"a":0,"k":[100,100],"ix":3},"sk":{"a":0,"k":0,"ix":4},"p":{"a":0,"k":[0,0],"ix":2},"r":{"a":0,"k":0,"ix":6},"sa":{"a":0,"k":0,"ix":5},"o":{"a":0,"k":100,"ix":7}}]}],"ind":5,"parent":1}],"v":"5.8.1","fr":25,"op":80,"ip":0,"assets":[]}